<?xml version="1.0" encoding="UTF-8"?>
<project-private xmlns="http://www.netbeans.org/ns/project-private/1">
    <editor-bookmarks xmlns="http://www.netbeans.org/ns/editor-bookmarks/2" lastBookmarkId="0"/>
    <open-files xmlns="http://www.netbeans.org/ns/projectui-open-files/2">
        <group>
            <file>file:/C:/Users/DELL/OneDrive%20-%20Universidad%20Tecnológica%20de%20Honduras/Desktop/TareaIIParcial_Enzo/src/tareaiiparcial_enzo/Deportista.java</file>
            <file>file:/C:/Users/DELL/OneDrive%20-%20Universidad%20Tecnológica%20de%20Honduras/Desktop/TareaIIParcial_Enzo/src/tareaiiparcial_enzo/Doctor.java</file>
            <file>file:/C:/Users/DELL/OneDrive%20-%20Universidad%20Tecnológica%20de%20Honduras/Desktop/TareaIIParcial_Enzo/src/tareaiiparcial_enzo/Persona.java</file>
            <file>file:/C:/Users/DELL/OneDrive%20-%20Universidad%20Tecnológica%20de%20Honduras/Desktop/TareaIIParcial_Enzo/src/tareaiiparcial_enzo/TareaIIParcial_Enzo.java</file>
        </group>
    </open-files>
</project-private>
